{
    "rmse1": 0.6162696344558873,
    "mae1": 0.4680538651824338,
    "r21": 0.9963563022593112,
    "rmse22": 1.6183995557990098,
    "mae2": 1.0542105751391522,
    "r22": 0.9717321904790507
}